z in mm,x in mm,y in mm
0.0,-0.1735264077889928,-3.4392313917870063
0.6896551724137931,-0.17693674873010343,-4.0011448519960595
1.3793103448275863,-0.18783716731530523,-4.031381378155771
2.0689655172413794,-0.18766107630925116,-3.98662037221812
2.7586206896551726,-0.20638822480773406,-3.972673901702633
3.4482758620689657,-0.2126641272056922,-3.9677314397209353
4.137931034482759,-0.1880984185763216,-4.021341670945905
4.827586206896552,-0.19910351899448156,-4.039059251307287
5.517241379310345,-0.18992977598394237,-3.994939724253421
6.206896551724139,-0.19763512907253894,-3.9953544431443544
6.8965517241379315,-0.1979974784428424,-3.9998338665556883
7.586206896551724,-0.20139688754588708,-3.9957131493504807
8.275862068965518,-0.21047372039912063,-4.01626024330287
8.965517241379311,-0.19652870895264712,-4.005293453627227
9.655172413793103,-0.19512060296568956,-3.9726730208990673
10.344827586206897,-0.2150306137338512,-3.9741910592120617
11.03448275862069,-0.17905667878183365,-3.973225568222215
11.724137931034484,-0.19794327193766303,-3.964385342286804
12.413793103448278,-0.19686169408325163,-3.9603792695315594
13.10344827586207,-0.19897237077061314,-3.962412902899489
13.793103448275863,-0.19900112348412327,-3.9812524810847076
14.482758620689657,-0.20631544954026565,-3.9303861602213557
15.172413793103448,-0.19833373527436832,-3.9679893531032193
15.862068965517242,-0.2075388641633528,-3.9786467594535813
16.551724137931036,-0.2035189903722244,-3.9475556454107297
17.24137931034483,-0.21487968709921415,-3.98251129787075
17.931034482758623,-0.2184833605876464,-3.9593572007116724
18.620689655172416,-0.21342035838174542,-3.9747333288836484
19.310344827586206,-0.20177908107169815,-3.9427232483178436
20.0,-0.12017786842158108,-3.979511818693168
20.689655172413794,-0.1202745239734028,-3.971198137420793
21.379310344827587,-0.10473991699442292,-4.009752826060353
22.06896551724138,-0.11828052735402729,-3.9968212633355207
22.758620689655174,-0.10766456586303128,-4.006662021553046
23.448275862068968,-0.10024720382006959,-4.000749120305483
24.13793103448276,-0.11198592576265189,-4.0076821649038905
24.827586206896555,-0.12554105744891322,-4.001083439232894
25.517241379310345,-0.10701952518479455,-3.996009903974921
26.20689655172414,-0.10080963321846008,-3.9486686315032813
26.896551724137932,-0.13314571328670274,-3.9608368475164966
27.586206896551726,-0.11872159986683033,-3.9851565172893513
28.27586206896552,-0.11424975894422888,-4.010355122465173
28.965517241379313,-0.11817499972395615,-3.954551493336457
29.655172413793107,-0.10508693822138275,-3.97620607486677
30.344827586206897,-0.13857861174805705,-3.9267667369737564
31.03448275862069,-0.14314617437169552,-3.9875696047783156
31.724137931034484,-0.1154054478131384,-3.969660739496382
32.41379310344828,-0.10545759042557726,-3.947426181364634
33.10344827586207,-0.11975753586516907,-3.9911485527227177
33.793103448275865,-0.13351835227148942,-3.9550911363887495
34.48275862068966,-0.13862381304743618,-3.9561394273799952
35.17241379310345,-0.13414489915007807,-3.9703804059898067
35.862068965517246,-0.13222410353448452,-3.959043231826969
36.55172413793104,-0.14997905572130354,-3.9665519630097394
37.24137931034483,-0.1733248089912932,-3.8182639888685994
37.931034482758626,-0.11424472210588241,-3.9777530813343436
38.62068965517241,-0.11650605436738229,-3.961045795193406
39.310344827586206,-0.12673458605063373,-3.936936958229627
40.0,-0.14033720151216797,-3.9186735525075
40.689655172413794,-0.16123013974173128,-3.9457959040851693
41.37931034482759,-0.13031271470662792,-4.003834884739325
42.06896551724138,-0.15885714927835148,-3.969377579647734
42.758620689655174,-0.1440398164848027,-3.937864030963328
43.44827586206897,-0.14796831543100045,-3.9602853203147546
44.13793103448276,-0.13694577017977372,-3.975667062333123
44.827586206896555,-0.1346051328652421,-3.961701148713958
45.51724137931035,-0.12820964761542494,-3.9336075473950562
46.20689655172414,-0.139805476114704,-3.9727989397736443
46.896551724137936,-0.13468421775073297,-3.9704469971163707
47.58620689655173,-0.1619491934066344,-3.9328811543364965
48.27586206896552,-0.15652857625871677,-3.9443693205392125
48.96551724137932,-0.1661636479526149,-3.9471751003285167
49.65517241379311,-0.15851384689372044,-3.949937969270461
50.3448275862069,-0.14400536267886693,-3.9220764836339574
51.03448275862069,-0.15222696521022677,-3.9082539283925612
51.724137931034484,-0.1594017977437581,-3.925096957332013
52.41379310344828,-0.1642564672738661,-3.9459599145825233
53.10344827586207,-0.15011046961641694,-3.927666908573786
53.793103448275865,-0.16709629125743053,-3.9310490966053235
54.48275862068966,-0.17997352301433733,-3.9707498076779024
55.17241379310345,-0.1300141504397915,-3.9416725613928096
55.862068965517246,-0.19352792112843664,-3.9273982614781815
56.55172413793104,-0.16846266059058299,-3.9102356870731434
57.24137931034483,-0.1823591485679995,-3.9154036163089083
57.931034482758626,-0.1750358653995177,-3.903711527088291
58.62068965517242,-0.17958388011467946,-3.939227696245146
59.31034482758621,-0.17642979578008777,-3.907664098678747
60.00000000000001,-0.17101275696168267,-3.898713500105031
60.689655172413794,-0.18603516780800636,-3.9063570282145204
61.37931034482759,-0.20851851426685308,-3.9183793887880776
62.06896551724138,-0.06975967995782903,-3.9361429814268667
62.758620689655174,-0.2041801122680922,-3.8958600120763602
63.44827586206897,-0.20146985439125403,-3.8795349757924256
64.13793103448276,-0.21815809901437686,-3.929317972329416
64.82758620689656,-0.21676812278567303,-3.8674382519947814
65.51724137931035,-0.1903183475354476,-3.8848228057149354
66.20689655172414,-0.2190581464456974,-3.9016526877596864
66.89655172413794,-0.19828680042225197,-3.8998460083125375
67.58620689655173,-0.22034953946142086,-3.915230510867938
68.27586206896552,-0.249001486094543,-3.891350950521142
68.96551724137932,-0.1890531489578732,-3.924537999630522
69.65517241379311,-0.23379463927727456,-3.8975299832049917
70.3448275862069,-0.23491950923452543,-3.9115861687351217
71.0344827586207,-0.2233603894278609,-3.9156091836315783
71.72413793103449,-0.2431385334572754,-3.9308565704082707
72.41379310344828,-0.19871363035897519,-3.8977672626976627
73.10344827586208,-0.24893804357097435,-3.8951745955832013
73.79310344827587,-0.21552119953989096,-3.9022065559099297
74.48275862068967,-0.23502358655700245,-3.91650518695727
75.17241379310346,-0.25435463988570006,-3.897271836562481
75.86206896551725,-0.2070778566815997,-3.868517282644122
76.55172413793105,-0.2481482798102714,-3.906521557247749
77.24137931034483,-0.22959650284261354,-3.882014430295155
77.93103448275862,-0.23774147770391466,-3.8675009228301724
78.62068965517241,-0.26901622493454697,-3.8872362161220484
79.3103448275862,-0.22819528133902778,-3.8675068346435837
80.0,-0.2527174338675895,-3.8749187903943345
80.6896551724138,-0.23463997137856524,-3.864121122002872
81.37931034482759,-0.26841742473489055,-3.874548529404374
82.06896551724138,-0.2693257025151347,-3.937881211431706
82.75862068965517,-0.21091175229061898,-3.878281681646933
83.44827586206897,-0.23863831323521886,-3.8779181139419925
84.13793103448276,-0.2400198845480679,-3.8543418265554665
84.82758620689656,-0.2307467447767243,-3.9161803263188655
85.51724137931035,-0.2562465724421473,-3.887393204258126
86.20689655172414,-0.2522392350219402,-3.8860307493940347
86.89655172413794,-0.2670912654167109,-3.88108183725196
87.58620689655173,-0.248416467367809,-3.8789549363464726
88.27586206896552,-0.26331790276832845,-3.898022780707949
88.96551724137932,-0.2633990967728119,-3.9035016818283177
89.65517241379311,-0.2434832448663861,-3.9209781353147872
90.3448275862069,-0.2857304977980358,-3.902250835791901
91.0344827586207,-0.25801611001770364,-3.8596200201384425
91.72413793103449,-0.2993310364565464,-3.872875000136679
92.41379310344828,-0.30509904308710994,-3.9029491269943097
93.10344827586208,-0.2717236513228153,-3.8959966778145474
93.79310344827587,-0.2786584183237581,-3.9072589421048782
94.48275862068967,-0.2769237531306504,-3.890111582983906
95.17241379310346,-0.292324113355214,-3.926936157376924
95.86206896551725,-0.2976842326004406,-3.8685953941821127
96.55172413793105,-0.26104713593015894,-3.9159540749424386
97.24137931034484,-0.3027524436154718,-3.877514785740358
97.93103448275863,-0.2958352583227684,-3.8853572701057986
98.62068965517243,-0.29697002737866823,-3.871883311463145
99.31034482758622,-0.292035263612055,-3.875624042528513
100.0,-0.2706519188372105,-3.917790242136381
100.6896551724138,-0.31217571628142293,-3.865249056533108
101.37931034482759,-0.31728283381108935,-3.8466373403773697
102.06896551724138,-0.3201078892337037,-3.896956354704844
102.75862068965517,-0.30960734391008216,-3.833186373577378
103.44827586206897,-0.2886784266822898,-3.876045716598808
104.13793103448276,-0.3257359524868053,-3.87332610895201
104.82758620689656,-0.29976546341892873,-3.836586677349948
105.51724137931035,-0.32287357291917346,-3.8764342900349544
106.20689655172414,-0.3101732995690479,-3.8878674183824193
106.89655172413794,-0.3019506435537701,-3.9102122394642014
107.58620689655173,-0.3400018886813477,-3.8761851309648283
108.27586206896552,-0.351284872374635,-3.8706196836166185
108.96551724137932,-0.3359316630580463,-3.862759099399686
109.65517241379311,-0.3187880954891742,-3.904717891727316
110.3448275862069,-0.3416031118225722,-3.8829579932486373
111.0344827586207,-0.41060938504349753,-3.8723174516626115
111.72413793103449,-0.32126079653744377,-3.839104510360548
112.41379310344828,-0.3632380874705096,-3.861100703533689
113.10344827586208,-0.3590364508981689,-3.8502543735463406
113.79310344827587,-0.3437814214963382,-3.8340310868736176
114.48275862068967,-0.36703241814402643,-3.8247321085359838
115.17241379310346,-0.32803640961982233,-3.8280774290384847
115.86206896551725,-0.38029006508804997,-3.8520727219680513
116.55172413793105,-0.34473957586067183,-3.779714282493987
117.24137931034484,-0.3411462310911606,-3.8018962059895394
117.93103448275863,-0.386325561216741,-3.790626564162445
118.62068965517243,-0.386719063101778,-3.8247760674041684
119.31034482758622,-0.3869104246819798,-3.8424257033826033
120.00000000000001,-0.3861942705798677,-3.8154869892671828
120.68965517241381,-0.3657406591526376,-3.8285680351886398
121.37931034482759,-0.40921292048181845,-3.8092908098966936
122.06896551724138,-0.3842004859618918,-3.842473087870932
122.75862068965517,-0.38854806865550934,-3.784794763673539
123.44827586206897,-0.410697774462341,-3.7905621675095396
124.13793103448276,-0.4062987853353488,-3.817218416875096
124.82758620689656,-0.42745836201774645,-3.8112126319450006
125.51724137931035,-0.3943757738686196,-3.8096834118093015
126.20689655172414,-0.41360790000531034,-3.836446093059082
126.89655172413794,-0.41138488676458745,-3.8099165750732236
127.58620689655173,-0.40794676838405297,-3.8171829592579285
128.27586206896552,-0.42792593734051876,-3.8060956728011224
128.96551724137933,-0.3905953232232164,-3.805336901299411
129.6551724137931,-0.4008111618995726,-3.791529359666865
130.34482758620692,-0.40605692591598214,-3.7497999922754635
131.0344827586207,-0.4604251892447962,-3.833284701458679
131.7241379310345,-0.41961773876300046,-3.786610357774024
132.41379310344828,-0.37728525735657287,-3.756140506692168
133.10344827586206,-0.41166715780936086,-3.7932025924104473
133.79310344827587,-0.4185303312632775,-3.783190965342239
134.48275862068965,-0.42587886152307936,-3.788847518060437
135.17241379310346,-0.45034931007201334,-3.7608133458963597
135.86206896551724,-0.4211381182139453,-3.7867206116924526
136.55172413793105,-0.43272488250847707,-3.810851908723782
137.24137931034483,-0.42437261076756505,-3.757737908281936
137.93103448275863,-0.4319571891387894,-3.804707559925786
138.6206896551724,-0.4592010139182279,-3.811548024267787
139.31034482758622,-0.41415082646499796,-3.810081295296744
140.0,-0.44778191233968384,-3.814198170017693
140.6896551724138,-0.44821736476885726,-3.7783333372393755
141.3793103448276,-0.43012059572018874,-3.7936005243425224
142.0689655172414,-0.45976695384443594,-3.7859419119910154
142.75862068965517,-0.4345622207223089,-3.7753891609102777
143.44827586206898,-0.46502116368374835,-3.746203087313148
144.13793103448276,-0.478466719879598,-3.7972199880859385
144.82758620689657,-0.4496747124610208,-3.8018075868888657
145.51724137931035,-0.4773124350260226,-3.8067705065828834
146.20689655172416,-0.47262147960253054,-3.820944406740957
146.89655172413794,-0.4548530724140515,-3.7839021118358387
147.58620689655174,-0.4384644865705855,-3.756573404248776
148.27586206896552,-0.44470339874839754,-3.7746223961985086
148.96551724137933,-0.48201546975763576,-3.7560710599880918
149.6551724137931,-0.44639984556263823,-3.769821273754705
150.34482758620692,-0.4890202257498617,-3.812406939706743
151.0344827586207,-0.48529358788731636,-3.7581184662133653
151.7241379310345,-0.4850816024672505,-3.7790267718817154
152.41379310344828,-0.5067426599639997,-3.8069359518140327
153.1034482758621,-0.46017701846639414,-3.7749988877442995
153.79310344827587,-0.49867498609977745,-3.8011419122058903
154.48275862068965,-0.47119702192864266,-3.7723634115929685
155.17241379310346,-0.4870207028388792,-3.7678914697398516
155.86206896551724,-0.5125216734708732,-3.7831125791001012
156.55172413793105,-0.464826626390108,-3.7940935566853846
157.24137931034483,-0.4928120950883912,-3.7468503276702645
157.93103448275863,-0.49151454985185306,-3.752491566229113
158.6206896551724,-0.5905972398678906,-3.761541802976383
159.31034482758622,-0.5366458964976618,-3.753092148078183
160.0,-0.5657125629244061,-3.7809890385176788
160.6896551724138,-0.5655571153827786,-3.76069086860042
161.3793103448276,-0.5684982115789227,-3.7667457959549715
162.0689655172414,-0.5683892467510324,-3.7573594636122385
162.75862068965517,-0.5736725819522318,-3.725483037271931
163.44827586206898,-0.5888302102330214,-3.734468107328631
164.13793103448276,-0.5515548065455036,-3.748728321286377
164.82758620689657,-0.5977359839241347,-3.768635975218774
165.51724137931035,-0.564828671365168,-3.756922623040031
166.20689655172416,-0.567897416597441,-3.7522211489895727
166.89655172413794,-0.5978551158994911,-3.7523821778119326
167.58620689655174,-0.5719229370072498,-3.788143603760806
168.27586206896552,-0.59145562271951,-3.765234755130627
168.96551724137933,-0.5761681613160736,-3.748864617988602
169.6551724137931,-0.5873907046578399,-3.7769694275814896
170.34482758620692,-0.6218443234396336,-3.787261128104096
171.0344827586207,-0.5642221166505371,-3.733726327277506
171.7241379310345,-0.6000460100926244,-3.764438498276035
172.41379310344828,-0.5960227717683803,-3.730539684750142
173.1034482758621,-0.5822018354648821,-3.7482730604832377
173.79310344827587,-0.6408839078910776,-3.7417763931831063
174.48275862068968,-0.5745855038211092,-3.7535977936715637
175.17241379310346,-0.6241388744754571,-3.757501672396126
175.86206896551727,-0.5979344778795136,-3.7400579532780034
176.55172413793105,-0.6160738296003158,-3.725978697726585
177.24137931034483,-0.6336655750700356,-3.7032703282161146
177.93103448275863,-0.582844115955173,-3.7331453261913365
178.6206896551724,-0.621993321044556,-3.712830291913559
179.31034482758622,-0.6246700286335065,-3.7103773533223525
180.0,-0.6025976824669189,-3.670680077021563
180.6896551724138,-0.6634142993759431,-3.7178814685149946
181.3793103448276,-0.610747551285235,-3.719576083107468
182.0689655172414,-0.6584741693764412,-3.69490930610074
182.75862068965517,-0.6233376620659589,-3.7479398258755032
183.44827586206898,-0.6424596741128924,-3.701254620309413
184.13793103448276,-0.6566843592257259,-3.7253034943511856
184.82758620689657,-0.6341422152527358,-3.7306094487207493
185.51724137931035,-0.6508725094806778,-3.7546946087868127
186.20689655172416,-0.6513745616086914,-3.7262773755845466
186.89655172413794,-0.645329252256747,-3.740737761253321
187.58620689655174,-0.6479900724276539,-3.7176114024282763
188.27586206896552,-0.6360103403381074,-3.732708945906944
188.96551724137933,-0.657486812342613,-3.716619215989919
189.6551724137931,-0.6564120939138114,-3.71959187990543
190.34482758620692,-0.6631921817843913,-3.7372597958326934
191.0344827586207,-0.6285722794553512,-3.700388833527643
191.7241379310345,-0.6465060236329776,-3.73430967005755
192.41379310344828,-0.6513848800910145,-3.711983343321268
193.1034482758621,-0.6729910111436695,-3.7613891163471167
193.79310344827587,-0.6761855783911219,-3.7445894149807777
194.48275862068968,-0.6479089257009767,-3.766635854300823
195.17241379310346,-0.6938138884206774,-3.722472652459972
195.86206896551727,-0.6650568581852759,-3.7271850935300215
196.55172413793105,-0.691151679937272,-3.7265086499305617
197.24137931034485,-0.6646104463297239,-3.7487635429311323
197.93103448275863,-0.6546653171911619,-3.737105804152894
198.62068965517244,-0.6981915167330542,-3.7595010159456903
199.31034482758622,-0.6544117257991056,-3.7335788651949926
200.0,-0.6607937398456327,-3.7014435016582006
200.6896551724138,-0.6610959980936947,-3.720629630185798
201.3793103448276,-0.6541573397273015,-3.6885740987880613
202.0689655172414,-0.6830039100464147,-3.723172427802586
202.75862068965517,-0.7048659255537529,-3.702957982963943
203.44827586206898,-0.6739174113861071,-3.764263344657763
204.13793103448276,-0.7044348922008914,-3.7228709000457734
204.82758620689657,-0.6651233194069841,-3.7451427620187014
205.51724137931035,-0.7375768110523969,-3.70736302270021
206.20689655172416,-0.6531816602084364,-3.7154217237501777
206.89655172413794,-0.6790815353800336,-3.7223978317250226
207.58620689655174,-0.7175849910947368,-3.712712989680063
208.27586206896552,-0.6958869936204038,-3.7227774436711343
208.96551724137933,-0.699389801871333,-3.731787649217809
209.6551724137931,-0.7083359801946845,-3.7001149924269687
210.34482758620692,-0.7179901229718552,-3.7313708679248814
211.0344827586207,-0.7106299069936886,-3.7036454644397123
211.7241379310345,-0.6983008075343882,-3.686746213808582
212.41379310344828,-0.7251892160403306,-3.709957320347712
213.1034482758621,-0.7093940851382055,-3.7004711877131546
213.79310344827587,-0.7356091787221193,-3.711030221158784
214.48275862068968,-0.6906646070229435,-3.7174800556762753
215.17241379310346,-0.732298760009569,-3.648860267235004
215.86206896551727,-0.6998366455538536,-3.705922623609535
216.55172413793105,-0.7353091256420412,-3.709184393159676
217.24137931034485,-0.7477532722389207,-3.7126632477961965
217.93103448275863,-0.7238612849684393,-3.694733442602367
218.62068965517244,-0.7469141922671713,-3.733170641204149
219.31034482758622,-0.7352632940012829,-3.700897532036574
220.00000000000003,-0.7472564406944547,-3.7257590932571367
220.6896551724138,-0.7288679699226258,-3.7226443642508107
221.3793103448276,-0.727769311710599,-3.6705611522997406
222.0689655172414,-0.7182937605131714,-3.7300995699171975
222.75862068965517,-0.7645111893380322,-3.6901377290574433
223.44827586206898,-0.7553411574393807,-3.691426973567457
224.13793103448276,-0.7535767320200296,-3.6676247770142467
224.82758620689657,-0.794937199675344,-3.690169999136583
225.51724137931035,-0.7572448761626512,-3.716250170488859
226.20689655172416,-0.8167007388307767,-3.7379032740696774
226.89655172413794,-0.7980784882916414,-3.711548234155702
227.58620689655174,-0.7731840424653554,-3.7276661905258535
228.27586206896552,-0.751896890621354,-3.7529431080333655
228.96551724137933,-0.7798493131150864,-3.6994960673145405
229.6551724137931,-0.7723131916820483,-3.644187661885236
230.34482758620692,-0.7745880670566825,-3.7016193950458742
231.0344827586207,-0.7992519534666725,-3.671983537167365
231.7241379310345,-0.783725017523386,-3.7087643178164864
232.41379310344828,-0.7676275196179329,-3.720584383984828
233.1034482758621,-0.7822338037801104,-3.702424752530235
233.79310344827587,-0.7965201842469408,-3.721096341955942
234.48275862068968,-0.7890817515342521,-3.6679504313527733
235.17241379310346,-0.7795244831721305,-3.7036589746663378
235.86206896551727,-0.8394304186078186,-3.637710378952828
236.55172413793105,-0.8262864610089621,-3.6157980862598076
237.24137931034485,-0.8790926287296116,-3.6074674419223474
237.93103448275863,-0.8527236162042904,-3.621237858123588
238.62068965517244,-0.8514607140527699,-3.6059605257008815
239.31034482758622,-0.8621389750246751,-3.6193342206365253
240.00000000000003,-0.8460924693849026,-3.608943017942723
240.6896551724138,-0.8657850680432361,-3.6099208159300367
241.37931034482762,-0.8594569758330307,-3.6361017963230737
242.0689655172414,-0.8602119373382617,-3.5999818560553916
242.75862068965517,-0.8755027135778797,-3.605923616799131
243.44827586206898,-0.8505777658265328,-3.581797381841072
244.13793103448276,-0.8447657914234702,-3.599704437961391
244.82758620689657,-0.8521840258128537,-3.618265275571251
245.51724137931035,-0.8581549409455062,-3.611510456654468
246.20689655172416,-0.8507472401946902,-3.594116277995412
246.89655172413794,-0.8420625547856919,-3.601177465177562
247.58620689655174,-0.8487662479164331,-3.580736549700097
248.27586206896552,-0.8610680028673009,-3.5934546168676498
248.96551724137933,-0.8824689416641411,-3.5868326095473644
249.6551724137931,-0.8522973070741744,-3.558175398456295
250.34482758620692,-0.8335959090189436,-3.5947636158573326
251.0344827586207,-0.8729602182088184,-3.583624241951402
251.7241379310345,-0.8458173232726001,-3.592596185410595
252.41379310344828,-0.8646730731684038,-3.595333948615162
253.1034482758621,-0.8555357094947273,-3.600956191911995
253.79310344827587,-0.8705785999652086,-3.5721451883060618
254.48275862068968,-0.8885752627702928,-3.545141157328797
255.17241379310346,-0.8806058216983572,-3.5979026799323766
255.86206896551727,-0.8828066893055908,-3.590587867429895
256.55172413793105,-0.8776014361027459,-3.582109215078145
257.2413793103448,-0.8602632045232779,-3.5765477548496687
257.93103448275866,-0.8748585847983457,-3.556455932203164
258.62068965517244,-0.8524106443821221,-3.5765396329994807
259.3103448275862,-0.8746834756914601,-3.565295127544062
260.0,-0.8768119548943614,-3.5608399683994953
260.68965517241384,-0.8803401185186686,-3.5443803036109975
261.3793103448276,-0.8570711331625829,-3.5748366849582576
262.0689655172414,-0.8756241660733053,-3.5705528219006095
262.7586206896552,-0.8788799641339922,-3.569233582825096
263.448275862069,-0.8697360799451009,-3.5981396587353562
264.1379310344828,-0.9058031983100279,-3.5328377602832335
264.82758620689657,-0.85276690592139,-3.5923188475576433
265.51724137931035,-0.8809934391620289,-3.5931299752878902
266.2068965517241,-0.8563812365970176,-3.555551348902179
266.89655172413796,-0.8663989887309178,-3.5260471424208353
267.58620689655174,-0.8949829257480725,-3.5423692344827793
268.2758620689655,-0.8618061247811615,-3.549394858279671
268.9655172413793,-0.8765438726738627,-3.5110280379866814
269.65517241379314,-0.883706228544648,-3.520515277956271
270.3448275862069,-0.8626206183295215,-3.4984489112272565
271.0344827586207,-0.9064020474344668,-3.5285823043122484
271.7241379310345,-0.8819553317662608,-3.5467085395020748
272.4137931034483,-0.870677313876284,-3.5261703113170406
273.1034482758621,-0.8647904424034304,-3.5246552560543147
273.7931034482759,-0.8653627764707315,-3.547294800532039
274.48275862068965,-0.8993178393016673,-3.494922115462086
275.1724137931035,-0.8829455408535742,-3.543657441384356
275.86206896551727,-0.8921661110980939,-3.532969378601715
276.55172413793105,-0.8686166895235836,-3.557429820325334
277.2413793103448,-0.8479310900693308,-3.515011678060961
277.93103448275866,-0.8882354327755126,-3.4883954824088583
278.62068965517244,-0.8432992213837264,-3.518270174194897
279.3103448275862,-0.875834966117672,-3.514890345796445
280.0,-0.8740314368870462,-3.500504315514837
280.68965517241384,-0.8528454825113504,-3.5046977826504397
281.3793103448276,-0.8733494734909927,-3.488166316060128
282.0689655172414,-0.8674360249725971,-3.496112829947177
282.7586206896552,-0.864299881500634,-3.516489826423816
283.448275862069,-0.8641247425723807,-3.5104867994185103
284.1379310344828,-0.8515292033252344,-3.4930204241942513
284.82758620689657,-0.8911716687905612,-3.453700154524602
285.51724137931035,-0.847008207446183,-3.4976130232625953
286.2068965517242,-0.8764764278971325,-3.5110691517275545
286.89655172413796,-0.8751665464890019,-3.471680944001242
287.58620689655174,-0.8718148533274113,-3.485807295899746
288.2758620689655,-0.8881407497317044,-3.4636978088540893
288.9655172413793,-0.8397332961082746,-3.492343178174206
289.65517241379314,-0.8836241772862666,-3.4707032551672587
290.3448275862069,-0.8526344363576145,-3.5002137580091772
291.0344827586207,-0.841787597069166,-3.472236108963467
291.7241379310345,-0.9160875041632625,-3.4305392754889135
292.4137931034483,-0.890475870699464,-3.4329462160423803
293.1034482758621,-0.8921775516887462,-3.4572115665394363
293.7931034482759,-0.8940919850697255,-3.444361006026993
294.48275862068965,-0.8656507451915132,-3.4386429312298943
295.1724137931035,-0.8685711992140834,-3.4458120642520003
295.86206896551727,-0.8753832123050644,-3.430214541703695
296.55172413793105,-0.862699599106829,-3.415911044612643
297.2413793103448,-0.9020989403849385,-3.4519549605834454
297.93103448275866,-0.8632475905256353,-3.435710474274429
298.62068965517244,-0.8618166778158403,-3.402681233751714
299.3103448275862,-0.8720410578387617,-3.3970316485859886
300.0,-0.8539011892269729,-3.399492102510895
300.68965517241384,-0.9007022015522235,-3.4276355901245914
301.3793103448276,-0.8593256795110212,-3.399343265182489
302.0689655172414,-0.879776901907039,-3.451396222071312
302.7586206896552,-0.8895123561443203,-3.3934234969643526
303.448275862069,-0.8426371538402362,-3.368008477359495
304.1379310344828,-0.8831697281166914,-3.3979612214922255
304.82758620689657,-0.8526642853260424,-3.3880518120887566
305.51724137931035,-0.859928527423546,-3.3814267108939164
306.2068965517242,-0.8578722561169155,-3.368430695613172
306.89655172413796,-0.8465000544003816,-3.362048513732937
307.58620689655174,-0.8701336864326537,-3.3660117938311256
308.2758620689655,-0.856279631973295,-3.381049683659464
308.9655172413793,-0.8332073694338817,-3.4175947003269607
309.65517241379314,-0.8923125530382304,-3.3666445584747082
310.3448275862069,-0.8629636354337028,-3.368501254021357
311.0344827586207,-0.8943427142363151,-3.3620683532810958
311.7241379310345,-0.8841728369863106,-3.3350802172892022
312.4137931034483,-0.8756915020527113,-3.3614828462478936
313.1034482758621,-0.8987881942397826,-3.3574664509167373
313.7931034482759,-0.8719983505689951,-3.411059366922748
314.48275862068965,-0.9265616665910955,-3.4445616439603453
315.1724137931035,-0.8659035095611349,-3.3264553751947963
315.86206896551727,-0.8753705296997285,-3.3342617921771773
316.55172413793105,-0.8793601129127498,-3.3195620213818526
317.2413793103448,-0.8479754532967549,-3.3355517376099257
317.93103448275866,-0.8841035595820386,-3.3461419584257532
318.62068965517244,-0.8700517092034974,-3.3198327287868925
319.3103448275862,-0.8666906214952972,-3.339213294022026
320.0,-0.8782955527397096,-3.2830921876178225
320.68965517241384,-0.8574030007819585,-3.3500009441922507
321.3793103448276,-0.8778075356534153,-3.3215844268696264
322.0689655172414,-0.8644337025080971,-3.2606457427290656
322.7586206896552,-0.8509894392054408,-3.3475069155127652
323.448275862069,-0.8783352537924058,-3.288322792808532
324.1379310344828,-0.8327159894259463,-3.2797073753066273
324.82758620689657,-0.8725922273242861,-3.3105554500525143
325.51724137931035,-0.8430887719180108,-3.296197226444926
326.2068965517242,-0.8551875668982593,-3.2691901635099425
326.89655172413796,-0.8775010226336237,-3.273276491182899
327.58620689655174,-0.844273496374427,-3.3034835638496864
328.2758620689655,-0.8833193651776938,-3.2661271235785354
328.96551724137936,-0.8519443702308657,-3.2753907650749303
329.65517241379314,-0.8521377247971775,-3.257612469398441
330.3448275862069,-0.8928630137738715,-3.231340521628625
331.0344827586207,-0.8602839405902614,-3.2356184515443687
331.7241379310345,-0.8709126265144836,-3.2345784527715065
332.4137931034483,-0.8532081299400749,-3.220021102950797
333.1034482758621,-0.8545551425114928,-3.2813652002256757
333.7931034482759,-0.870950366126369,-3.2178953821749388
334.48275862068965,-0.8458551460333624,-3.24827370173363
335.1724137931035,-0.878490602205217,-3.240689318609335
335.86206896551727,-0.873676298731256,-3.1844838219326688
336.55172413793105,-0.8619271571630803,-3.238923235811179
337.2413793103448,-0.887478071793218,-3.218516923651069
337.93103448275866,-0.8619582375418591,-3.2018395855903043
338.62068965517244,-0.8820685004975112,-3.217109119174081
339.3103448275862,-0.854257914732412,-3.2266088747176447
340.0,-0.8597822333216016,-3.252255515509296
340.68965517241384,-0.8891240162185156,-3.218240142676185
341.3793103448276,-0.8532405422711525,-3.20692728227096
342.0689655172414,-0.8840628561923822,-3.230054956332852
342.7586206896552,-0.8687103626020398,-3.1949440814548007
343.448275862069,-0.8759937515710093,-3.192005561765629
344.1379310344828,-0.8826450281565823,-3.2415594176341793
344.82758620689657,-0.8547965668933748,-3.1992998668032864
345.51724137931035,-0.884629953276696,-3.1900054973956022
346.2068965517242,-0.8724922150857618,-3.179989571430065
346.89655172413796,-0.8768870148040334,-3.2085674490820772
347.58620689655174,-0.9004974280638757,-3.161992337288683
348.2758620689655,-0.8643494299037986,-3.202605020759452
348.96551724137936,-0.902800138247638,-3.1997066396177747
349.65517241379314,-0.8826516829809722,-3.1492532904255706
350.3448275862069,-0.8547797675395045,-3.197252805763354
351.0344827586207,-0.8939587198507478,-3.143327446295122
351.72413793103453,-0.8545063412364765,-3.18437165781983
352.4137931034483,-0.8647779508889878,-3.134556046970911
353.1034482758621,-0.861252806579776,-3.148453064851434
353.7931034482759,-0.8697907519869555,-3.1378808081643146
354.48275862068965,-0.877421942727564,-3.1299297244954003
355.1724137931035,-0.8534137720751812,-3.1372854918100983
355.86206896551727,-0.8776793309437704,-3.112374704984343
356.55172413793105,-0.8776584549300447,-3.097398167605117
357.2413793103448,-0.8577202803994497,-3.1718712322904636
357.93103448275866,-0.8726094265842862,-3.1101869480659863
358.62068965517244,-0.8641626089917473,-3.1339862268543333
359.3103448275862,-0.8896226495792118,-3.1186898404644485
360.0,-0.8706395839835998,-3.1095522016552994
360.68965517241384,-0.8786482655657643,-3.1245034105094893
361.3793103448276,-0.8966171957134453,-3.118855007625519
362.0689655172414,-0.8696449743739084,-3.1228626991805934
362.7586206896552,-0.8899911933590571,-3.097492529242967
363.448275862069,-0.8685882222000078,-3.1126594407084887
364.1379310344828,-0.8620424101892807,-3.1377176803735525
364.82758620689657,-0.8696379258133435,-3.115850696945733
365.51724137931035,-0.8631642037920981,-3.1136032915711236
366.2068965517242,-0.8709583730153684,-3.0976561398136067
366.89655172413796,-0.8501183504724995,-3.091146216304213
367.58620689655174,-0.8655475292370485,-3.112052230668347
368.2758620689655,-0.8647688295717083,-3.0936650264389987
368.96551724137936,-0.8521715367416437,-3.105514404205134
369.65517241379314,-0.8724129397035824,-3.1102721561680657
370.3448275862069,-0.8594741737148985,-3.087440354095781
371.0344827586207,-0.8416224338749205,-3.0993425537283854
371.72413793103453,-0.8717127824639092,-3.106051520560022
372.4137931034483,-0.8530270747512555,-3.09818140957962
373.1034482758621,-0.8827680232895163,-3.1139234819397412
373.7931034482759,-0.8636122034558215,-3.0530916231142746
374.4827586206897,-0.7979772833177255,-3.030622918823111
375.1724137931035,-0.8787144730179984,-3.066739209507465
375.86206896551727,-0.8477086508470998,-3.077492761186997
376.55172413793105,-0.8859943800158293,-3.099489674972784
377.2413793103448,-0.8701044578155608,-3.0739423358060107
377.93103448275866,-0.8680394219093793,-3.0927997287486773
378.62068965517244,-0.8852864057920259,-3.037978424643673
379.3103448275862,-0.866210334721336,-3.0665078833993564
380.0,-0.8704517000475785,-3.0632597019618055
380.68965517241384,-0.841608446085045,-3.0695815574937564
381.3793103448276,-0.8590795760871069,-3.1042723692780174
382.0689655172414,-0.8794214446309064,-3.0592674409597036
382.7586206896552,-0.8478180092766854,-3.0718142957045678
383.448275862069,-0.8585211807355945,-3.0562177178578485
384.1379310344828,-0.866831774657179,-3.0489834210563997
384.82758620689657,-0.8531290244369526,-3.039192263807931
385.51724137931035,-0.8463580370143285,-3.0486220563450055
386.2068965517242,-0.8597181591579034,-3.060279894114581
386.89655172413796,-0.8618364435230489,-3.0688183427772135
387.58620689655174,-0.8598329599335817,-3.0495984422041937
388.2758620689655,-0.853115711239784,-3.0487270395136887
388.96551724137936,-0.8348549603050511,-3.0396097609873207
389.65517241379314,-0.8674880342899102,-3.0359903147680916
390.3448275862069,-0.8597634855573068,-3.038413695121471
391.0344827586207,-0.8562911840448154,-3.0220212622077534
391.72413793103453,-0.8635761294648402,-3.0286434959495483
392.4137931034483,-0.7909798592574403,-3.08305740116093
393.1034482758621,-0.8596814357727527,-3.0155981269019176
393.7931034482759,-0.8810035618243864,-3.0457586357281845
394.4827586206897,-0.8606088013849312,-3.0243453425444264
395.1724137931035,-0.8811240983346456,-3.01633510178087
395.86206896551727,-0.8850228594128875,-3.0172996437083817
396.55172413793105,-0.8779841358920478,-3.0355412570463747
397.2413793103449,-0.8989019415794359,-3.0633495553554044
397.93103448275866,-0.8739505929539235,-3.0294289622134287
398.62068965517244,-0.8928617473771372,-3.058748448820193
399.3103448275862,-0.8432560518215516,-3.0236766790248404
400.0,-0.8707708511759044,-3.0196086860180547
400.68965517241384,-0.8521101831315427,-3.0146827802008955
401.3793103448276,-0.8342020335629973,-3.02196246159997
402.0689655172414,-0.8478218509142026,-3.0209883737210865
402.7586206896552,-0.8769119843299262,-3.00677669004586
403.448275862069,-0.866526624986011,-2.9910695766089668
404.1379310344828,-0.8737159893773782,-2.999519968229189
404.82758620689657,-0.8634643451086347,-3.027984803377191
405.51724137931035,-0.8287317540107673,-2.953882999495711
406.2068965517242,-0.827038274814349,-2.9324453236897203
406.89655172413796,-0.8207958341032028,-2.911507453396761
407.58620689655174,-0.8135148384940026,-2.906407203093508
408.2758620689655,-0.8256853034240629,-2.940727477819802
408.96551724137936,-0.8431744286862818,-2.9324951767613636
409.65517241379314,-0.8321108634313639,-2.9199575681889853
410.3448275862069,-0.8327473051644595,-2.903799308259101
411.0344827586207,-0.8311010413179623,-2.904233223463278
411.72413793103453,-0.847146422985375,-2.900517711615308
412.4137931034483,-0.8307969489701146,-2.8907164293883016
413.1034482758621,-0.8345436083669867,-2.8773310358823156
413.7931034482759,-0.8414532244255339,-2.8864389624399105
414.4827586206897,-0.829784791233296,-2.9105802424168368
415.1724137931035,-0.844021368948371,-2.8670931647731015
415.86206896551727,-0.8248309610731757,-2.881195377473113
416.55172413793105,-0.8413278239263672,-2.8763726048788243
417.2413793103449,-0.8367732885448487,-2.9198178064358817
417.93103448275866,-0.8488272522864548,-2.9013670492800157
418.62068965517244,-0.8236370416086581,-2.8915058189892164
419.3103448275862,-0.8197606264317905,-2.8916910339365915
420.0,-0.8292157120980045,-2.861722852137884
420.68965517241384,-0.832575310659536,-2.853066933309418
421.3793103448276,-0.8416058813479569,-2.8784778313739863
422.0689655172414,-0.8569031747995407,-2.8681405675278806
422.7586206896552,-0.829659360915559,-2.8730000985435606
423.448275862069,-0.8173580978679169,-2.8589122187578426
424.1379310344828,-0.8380573467955464,-2.84203197624868
424.82758620689657,-0.8149745117391584,-2.8383480592750607
425.51724137931035,-0.8347849577997799,-2.8588216517061626
426.2068965517242,-0.8209098627287239,-2.8130833128835127
426.89655172413796,-0.8211519861747486,-2.841082715818129
427.58620689655174,-0.8298386308963357,-2.8346036487111075
428.2758620689655,-0.8114528420734425,-2.8405096202264097
428.96551724137936,-0.8359790913995236,-2.8459567108111314
429.65517241379314,-0.8238523601718483,-2.8460771144609534
430.3448275862069,-0.823583018456936,-2.855365727283096
431.0344827586207,-0.8206822674105809,-2.822546402907378
431.72413793103453,-0.8099044239665165,-2.826349759050834
432.4137931034483,-0.8348729148893574,-2.8398513293808185
433.1034482758621,-0.822997100664283,-2.8378880676336697
433.7931034482759,-0.8229246420691532,-2.8231006885430086
434.4827586206897,-0.8196661681570099,-2.8057560437122673
435.1724137931035,-0.8322232580622267,-2.820132359849523
435.86206896551727,-0.8416261048934914,-2.82156029224465
436.55172413793105,-0.8355556445076909,-2.8272482820626976
437.2413793103449,-0.8155401836097118,-2.8244831715169796
437.93103448275866,-0.8275713441025631,-2.819679016732302
438.62068965517244,-0.805918263515766,-2.799594211099897
439.3103448275862,-0.840057111052698,-2.8139806898053084
440.00000000000006,-0.8034088823095206,-2.8207113658217082
440.68965517241384,-0.8122811661631237,-2.8319915203587347
441.3793103448276,-0.8082591060958042,-2.803295605096206
442.0689655172414,-0.7979206848885849,-2.8224929258816407
442.7586206896552,-0.8114281636229617,-2.839163088491674
443.448275862069,-0.8020670380290713,-2.795464062552628
444.1379310344828,-0.8212333448012635,-2.7833602132738604
444.82758620689657,-0.8111194534179551,-2.8159503540497863
445.51724137931035,-0.8170542082984042,-2.8252112685503024
446.2068965517242,-0.8351757667784877,-2.84468969197573
446.89655172413796,-0.824101574326571,-2.8097894961734187
447.58620689655174,-0.8256581463095255,-2.8436694872018866
448.2758620689655,-0.8309377655768477,-2.8507472667072413
448.96551724137936,-0.8051988104524519,-2.8223814100969653
449.65517241379314,-0.8227622603734247,-2.8307264207304637
450.3448275862069,-0.8308173950739178,-2.801878952734251
451.0344827586207,-0.8117297130132504,-2.8198484791576197
451.72413793103453,-0.8341663293859954,-2.789940374500409
452.4137931034483,-0.8104807405495712,-2.790526721283039
453.1034482758621,-0.8292237353166828,-2.7875140151093203
453.7931034482759,-0.8132825742964351,-2.7741246715606502
454.4827586206897,-0.8291553973739553,-2.7508547890232427
455.1724137931035,-0.8258348384774059,-2.766419238308668
455.86206896551727,-0.8069826738413645,-2.7763643755847975
456.55172413793105,-0.8247081241102135,-2.7756554452471565
457.2413793103449,-0.8209004471014317,-2.7530413454105687
457.93103448275866,-0.8261175840868415,-2.772672520259233
458.62068965517244,-0.8147627816470974,-2.7540083420154953
459.3103448275862,-0.7996511061095395,-2.7642423319379064
460.00000000000006,-0.8238315081343427,-2.7664802588733397
460.68965517241384,-0.8236680710458603,-2.756330705569603
461.3793103448276,-0.8189986079561589,-2.770768645218203
462.0689655172414,-0.8109432034059856,-2.780003160889447
462.75862068965523,-0.805131888512864,-2.763498219638863
463.448275862069,-0.8099635812190931,-2.7482280524515237
464.1379310344828,-0.8101123331400234,-2.737749221468027
464.82758620689657,-0.8140792015678717,-2.7682576396422536
465.51724137931035,-0.8147873956572433,-2.7557988776213023
466.2068965517242,-0.8050991929389669,-2.7245393407328886
466.89655172413796,-0.8220724166870739,-2.695360681501291
467.58620689655174,-0.8103090434490438,-2.718561960645723
468.2758620689655,-0.8496416359983772,-2.7455507392238228
468.96551724137936,-0.8092713601831826,-2.704631649435996
469.65517241379314,-0.8071452019908628,-2.721678172022663
470.3448275862069,-0.8329224558894085,-2.730935735611364
471.0344827586207,-0.8031731044625117,-2.692154335198198
471.72413793103453,-0.8138380201021066,-2.74638685544928
472.4137931034483,-0.8078296464419612,-2.6975103700312038
473.1034482758621,-0.7970215221409409,-2.712603557946631
473.7931034482759,-0.8145027956070058,-2.734861202912743
474.4827586206897,-0.7969443577131513,-2.699370094033953
475.1724137931035,-0.8096874354316365,-2.7284948293114053
475.86206896551727,-0.8191276552039823,-2.6950979705554077
476.55172413793105,-0.7862196574952902,-2.65948996245647
477.2413793103449,-0.8330779042948576,-2.697820557117187
477.93103448275866,-0.7930609271236576,-2.7056571896489454
478.62068965517244,-0.8193102575211809,-2.6740299065644004
479.3103448275862,-0.8096032205608952,-2.657321721259777
480.00000000000006,-0.7834360875011407,-2.6737342926456975
480.68965517241384,-0.8156320260425804,-2.6972866075795277
481.3793103448276,-0.8360712020094125,-2.6782583348901547
482.0689655172414,-0.814987184593661,-2.672376868965025
482.75862068965523,-0.817920626796597,-2.6839009200667325
483.448275862069,-0.7890673209063369,-2.6862437169948845
484.1379310344828,-0.8337798855071925,-2.672656024869376
484.82758620689657,-0.7953571157207329,-2.6890059383624987
485.51724137931035,-0.794034721938059,-2.654808476974382
486.2068965517242,-0.8079969960864256,-2.651390963783296
486.89655172413796,-0.7986218945562299,-2.6394868109903533
487.58620689655174,-0.8164074705924472,-2.6445249909051687
488.2758620689655,-0.8166018590159989,-2.6525030218023162
488.96551724137936,-0.815177102638205,-2.6553686685336846
489.65517241379314,-0.8154071288244475,-2.6398833736900595
490.3448275862069,-0.7959426948000277,-2.663309908889687
491.0344827586207,-0.8191980594322332,-2.6341078350444294
491.72413793103453,-0.8006078944881028,-2.6145477859947817
492.4137931034483,-0.8004682782430139,-2.6422642641666747
493.1034482758621,-0.8075802600513862,-2.628185944952281
493.7931034482759,-0.7894393029356574,-2.646853517877401
494.4827586206897,-0.8098771003485642,-2.620477185718593
495.1724137931035,-0.7826226993554024,-2.628392937193741
495.86206896551727,-0.8057544385104741,-2.60152946547058
496.55172413793105,-0.7994915786216165,-2.6181537822538616
497.2413793103449,-0.7789892312955538,-2.628191839437846
497.93103448275866,-0.8132307115450101,-2.6439353895593367
498.62068965517244,-0.8080693967695375,-2.6327988049482336
499.3103448275862,-0.7933203820611032,-2.594543324126074
500.00000000000006,-0.8043007747443499,-2.6238418975813613
500.68965517241384,-0.7859169876034563,-2.5971704884417623
501.3793103448276,-0.8177953274418034,-2.60811779498754
502.0689655172414,-0.8004211666947834,-2.557987216612625
502.75862068965523,-0.8122873083895868,-2.585313375731135
503.448275862069,-0.802413585377378,-2.5766117238938246
504.1379310344828,-0.8008769951416468,-2.575529213845348
504.82758620689657,-0.8202005584330884,-2.589504903429034
505.5172413793104,-0.7891578434606027,-2.5827654199331582
506.2068965517242,-0.788371813358968,-2.5647012282157964
506.89655172413796,-0.7811210181394367,-2.5774892826424796
507.58620689655174,-0.7874328178966234,-2.5764056999528266
508.2758620689655,-0.7924258915418979,-2.5585796214734344
508.96551724137936,-0.7731350176297569,-2.581252181596262
509.65517241379314,-0.7956828945289232,-2.5889683005047517
510.3448275862069,-0.7946436489688146,-2.5693727856356894
511.0344827586207,-0.7838378958371548,-2.5693588592148537
511.72413793103453,-0.8136780710970226,-2.560882851871553
512.4137931034483,-0.8070931874861381,-2.565193041065244
513.1034482758621,-0.8044826539769651,-2.5570111237453563
513.7931034482759,-0.7856893318012428,-2.530762386560514
514.4827586206897,-0.7979478459661682,-2.5439292366639954
515.1724137931035,-0.8079263887074144,-2.541978432231733
515.8620689655173,-0.7916461798825307,-2.53515227095728
516.551724137931,-0.809624224679036,-2.5500841408400166
517.2413793103449,-0.777774306270025,-2.539605183169947
517.9310344827586,-0.7877894944885493,-2.5288304963571604
518.6206896551724,-0.8151395290948399,-2.543973712679224
519.3103448275863,-0.7950201543390895,-2.5136510264670515
520.0,-0.7976185427548,-2.542159292245213
520.6896551724138,-0.8021942314537402,-2.5242443409777002
521.3793103448277,-0.7818713569562756,-2.5477391826152354
522.0689655172414,-0.8000360894890958,-2.4901067193831454
522.7586206896552,-0.7814703927846275,-2.3931933762480346
523.448275862069,-0.7624391038618562,-2.338953962452761
524.1379310344828,-0.7823046593143308,-2.3464870731391563
524.8275862068966,-0.7841280140307898,-2.3320782344600968
525.5172413793103,-0.7620232033890193,-2.3571200440817663
526.2068965517242,-0.7768858994534666,-2.3287655935725953
526.896551724138,-0.7734625183906089,-2.336120270760018
527.5862068965517,-0.7636840479176021,-2.316425094934201
528.2758620689656,-0.7839044350398631,-2.3608380196599206
528.9655172413793,-0.7735561420567757,-2.328213971566113
529.6551724137931,-0.7837285795322633,-2.3096894893094593
530.344827586207,-0.7777431264262025,-2.3270049818075793
531.0344827586207,-0.7817988591662093,-2.3180692040188835
531.7241379310345,-0.7897852107096213,-2.285089636818824
532.4137931034483,-0.7713260353677113,-2.3020771297542932
533.1034482758621,-0.7813149129886887,-2.304247705011288
533.7931034482759,-0.7908202234077666,-2.3179735635187555
534.4827586206897,-0.7725475224787037,-2.272206020096584
535.1724137931035,-0.7933361483770426,-2.2987654828263113
535.8620689655173,-0.7760887812518935,-2.248559910113871
536.551724137931,-0.7694513255865064,-2.291650977502041
537.2413793103449,-0.7925671352743222,-2.2725167593699425
537.9310344827586,-0.7639575539172573,-2.2520530267693255
538.6206896551724,-0.7875401312558583,-2.294741055491549
539.3103448275863,-0.7664719673561468,-2.2937872105028276
540.0,-0.7786001475697516,-2.2773755062244714
540.6896551724138,-0.7717098270261313,-2.2875317125832355
541.3793103448277,-0.7740557584504033,-2.2466340445076804
542.0689655172414,-0.7896231470932035,-2.2920351161001986
542.7586206896552,-0.7817270266031494,-2.273843210902147
543.448275862069,-0.794225478695949,-2.285806321644717
544.1379310344828,-0.7882807557594128,-2.26331327518318
544.8275862068966,-0.7783987003757911,-2.245673248021742
545.5172413793103,-0.7927008577010795,-2.2453669048426255
546.2068965517242,-0.7891993336179198,-2.259053195375101
546.896551724138,-0.7703234706681318,-2.222892953204523
547.5862068965517,-0.7798516524638038,-2.2724933383135233
548.2758620689656,-0.7709136841536683,-2.2320185675991926
548.9655172413793,-0.8004302640019338,-2.2289450203190655
549.6551724137931,-0.7869942587248487,-2.1976286700692333
550.344827586207,-0.7632683006371669,-2.2405881365024585
551.0344827586207,-0.7680409215229623,-2.232917879275875
551.7241379310345,-0.7721753559151996,-2.227387960187294
552.4137931034483,-0.7902480375194394,-2.185220757719399
553.1034482758621,-0.7615918703024075,-2.1947978171216005
553.7931034482759,-0.7861162071982496,-2.2477326350458724
554.4827586206897,-0.7662130456772396,-2.2021823399819005
555.1724137931035,-0.7608937084928142,-2.1982406760556086
555.8620689655173,-0.7809245178206895,-2.2593697546567375
556.551724137931,-0.7712184961739772,-2.1884156872407474
557.2413793103449,-0.7810817722516726,-2.1893257566085693
557.9310344827586,-0.7751970829390787,-2.1986189036892605
558.6206896551724,-0.7547790939319388,-2.166178795236822
559.3103448275863,-0.7756427676917627,-2.162310239565705
560.0,-0.7399906128575869,-2.1736770483694223
560.6896551724138,-0.7472701399650938,-2.160354526817326
561.3793103448277,-0.7499197792934605,-2.1857411965184235
562.0689655172414,-0.7615699957094492,-2.1596543982253706
562.7586206896552,-0.78830082829133,-2.151715624558148
563.448275862069,-0.7463586565574644,-2.1547654626061936
564.1379310344828,-0.7659245220414389,-2.1270484947972115
564.8275862068966,-0.7427172430537746,-2.172356007635949
565.5172413793103,-0.7571437904194622,-2.1365668524509513
566.2068965517242,-0.7744157164829626,-2.1227399888205447
566.896551724138,-0.7355052826888304,-2.152357864127786
567.5862068965517,-0.7727590301000994,-2.106354627928654
568.2758620689656,-0.7729122515615441,-2.124568577583354
568.9655172413793,-0.7480832303422665,-2.123498154279036
569.6551724137931,-0.7764344258834625,-2.1032592404658548
570.344827586207,-0.7364651267968808,-2.104119332715117
571.0344827586207,-0.769882477814395,-2.133804895494855
571.7241379310345,-0.7627764239467253,-2.117053007048824
572.4137931034484,-0.7571254128228214,-2.107992952429263
573.1034482758621,-0.7848322331278621,-2.1456469361076715
573.7931034482759,-0.7713643855304358,-2.1150435854306537
574.4827586206897,-0.7676942600171134,-2.1167597278340406
575.1724137931035,-0.7732460042643072,-2.1323641794187
575.8620689655173,-0.772311230863617,-2.1434053096431183
576.551724137931,-0.7617409866918391,-2.1292078177000704
577.2413793103449,-0.7583096420835317,-2.088269498307744
577.9310344827586,-0.7657152311572571,-2.1134741257053395
578.6206896551724,-0.7571567189226688,-2.1134873979540703
579.3103448275863,-0.7637369297344754,-2.1040696129390475
580.0,-0.7653716991282671,-2.111867973298899
580.6896551724138,-0.7649138017602566,-2.087125112495301
581.3793103448277,-0.7584977023772873,-2.082089453389878
582.0689655172414,-0.743049746396807,-2.083672442239001
582.7586206896552,-0.7600600529476127,-2.0795265005387056
583.448275862069,-0.7774357790978259,-2.060856872717707
584.1379310344828,-0.7720815340752589,-2.055590439272511
584.8275862068966,-0.752439409818738,-2.0669713767088114
585.5172413793103,-0.7675010870694776,-2.0698834477040977
586.2068965517242,-0.7779416446301021,-2.0483126066717627
586.896551724138,-0.7796761632804761,-2.05812897763447
587.5862068965517,-0.7807043227297702,-2.02537814625749
588.2758620689656,-0.7672668875690049,-2.0473563128168966
588.9655172413793,-0.7612052341194393,-2.0463795555881643
589.6551724137931,-0.7652384625094786,-2.01373446378752
590.344827586207,-0.7839913342459096,-2.0405723641534577
591.0344827586207,-0.767070750763497,-2.0260610295851005
591.7241379310345,-0.7706895885416075,-2.0291050843283456
592.4137931034484,-0.7549735606638196,-2.041226304565817
593.1034482758621,-0.7553117159747221,-2.0221214500166784
593.7931034482759,-0.7470368694575956,-2.044066820906818
594.4827586206897,-0.7567186784373279,-1.9994072476989324
595.1724137931035,-0.7511829293100208,-2.0135710354731624
595.8620689655173,-0.7595930131555871,-1.9806162704652654
596.551724137931,-0.7385405514502333,-1.9951022010365482
597.2413793103449,-0.761174023595188,-2.003342016745371
597.9310344827586,-0.7387099789735264,-1.9890193458435665
598.6206896551724,-0.7526488038189713,-1.9955931317817506
599.3103448275863,-0.746653640928285,-2.0074242439363257
600.0,-0.759095737490591,-1.9975852197240145
600.6896551724138,-0.7756820044248695,-2.0145737873425755
601.3793103448277,-0.7573259943421936,-1.9724744691696903
602.0689655172414,-0.7734099508799667,-1.9892043921368392
602.7586206896552,-0.7422490697999521,-1.9920294193690016
603.448275862069,-0.7503574248192235,-1.9767062658779735
604.1379310344828,-0.7636158487035646,-1.9850949950559227
604.8275862068966,-0.7460800225012476,-1.9758152542030623
605.5172413793103,-0.7455196112114649,-1.934024962410379
606.2068965517242,-0.7512356298820735,-1.9638005814871007
606.896551724138,-0.7475712871173225,-1.9499990360467505
607.5862068965517,-0.7607055798395385,-1.9463353009709734
608.2758620689656,-0.7539519519355601,-1.9129004318727965
608.9655172413793,-0.7607187668324408,-1.9584352405426069
609.6551724137931,-0.7478165151318239,-1.9294362029084668
610.344827586207,-0.743843626250912,-1.9229226020991763
611.0344827586207,-0.7656498305608699,-1.9253752982309105
611.7241379310345,-0.7723476946621176,-1.926359249574341
612.4137931034484,-0.7576217530030993,-1.9228034264977942
613.1034482758621,-0.7454242954790722,-1.9388865162383657
613.7931034482759,-0.7573222273431447,-1.9239040859517353
614.4827586206897,-0.745678130347908,-1.9432809483242208
615.1724137931035,-0.7508407962327689,-1.8922515565557614
615.8620689655173,-0.7594440693626376,-1.8949421168939289
616.551724137931,-0.7536090280917427,-1.907494810657368
617.2413793103449,-0.7373956204726874,-1.8833764487558953
617.9310344827586,-0.7534950710186884,-1.8816710569190438
618.6206896551724,-0.7662260395370437,-1.8716278691807202
619.3103448275863,-0.7587472718599984,-1.86384916241574
620.0,-0.7514086528785157,-1.8852107050491478
620.6896551724138,-0.7758394281222496,-1.868842376733561
621.3793103448277,-0.7688125600342007,-1.8383396308915407
622.0689655172414,-0.7459722326991479,-1.8694346768534291
622.7586206896552,-0.7502535850182352,-1.8544131798410353
623.448275862069,-0.7681911061228599,-1.8928749564085043
624.1379310344828,-0.7265143431037536,-1.8615409747648202
624.8275862068966,-0.7499760557700285,-1.85657291099129
625.5172413793103,-0.7381721080405977,-1.8750438601551935
626.2068965517242,-0.750234503439885,-1.834074626835348
626.896551724138,-0.7541532929174907,-1.8484156616878538
627.5862068965517,-0.7355027646112224,-1.8559569192386238
628.2758620689656,-0.7526647978140156,-1.860856054772385
628.9655172413793,-0.7464771809191239,-1.84410124109359
629.6551724137931,-0.7492050889028967,-1.8475886755023752
630.344827586207,-0.7427415054972378,-1.8585887509944323
631.0344827586207,-0.7273150344027685,-1.8536978086843812
631.7241379310345,-0.7387285606095498,-1.8577692749716697
632.4137931034484,-0.7435099344580318,-1.8169175112872722
633.1034482758621,-0.7494341622771106,-1.8148975350571153
633.7931034482759,-0.7422681054285719,-1.8160547318699383
634.4827586206897,-0.7466218959623617,-1.8099742778288361
635.1724137931035,-0.7500785277150943,-1.8721434048998078
635.8620689655173,-0.7483784427189022,-1.855243630936472
636.551724137931,-0.750922601660128,-1.8326816320461832
637.2413793103449,-0.7314814780978448,-1.8071432033881574
637.9310344827587,-0.7357321722941998,-1.8004756943172895
638.6206896551724,-0.7353960757182066,-1.7970234608065878
639.3103448275863,-0.7308935662225141,-1.7964984849324082
640.0,-0.7387828100769018,-1.7944921405099665
640.6896551724138,-0.7340101548418112,-1.7974067576396808
641.3793103448277,-0.7373587385503173,-1.801071586528098
642.0689655172414,-0.7426992306187347,-1.7603492150090787
642.7586206896552,-0.7318948965184033,-1.8098997748546581
643.448275862069,-0.7237901321996666,-1.777266858434094
644.1379310344828,-0.7157940120202421,-1.760877058565969
644.8275862068966,-0.7241405447836589,-1.7692190080967156
645.5172413793103,-0.7321233903627263,-1.734656202222521
646.2068965517242,-0.7298252956024548,-1.7764104172008182
646.896551724138,-0.7213914618967876,-1.7558301300894543
647.5862068965517,-0.728812484529887,-1.7477557525513256
648.2758620689656,-0.7255448150128687,-1.7821309940798706
648.9655172413793,-0.7189405846736445,-1.7188523331341021
649.6551724137931,-0.7344562993480518,-1.7174043825706597
650.344827586207,-0.7399778473961697,-1.7723907064078075
651.0344827586207,-0.7299999433869242,-1.7183102029854505
651.7241379310345,-0.737708365526637,-1.7261830419751543
652.4137931034484,-0.7481808787754897,-1.7384236867196434
653.1034482758621,-0.7417216284852893,-1.7494749458040013
653.7931034482759,-0.7387709104326066,-1.7345466785855996
654.4827586206897,-0.732417512554687,-1.7444745110303994
655.1724137931035,-0.7514295606558058,-1.7362943236306014
655.8620689655173,-0.7481989070875174,-1.7154397650267004
656.551724137931,-0.7364288856212642,-1.7333024769799408
657.2413793103449,-0.7457311896755894,-1.708129525739142
657.9310344827587,-0.7524297618199168,-1.7380075546774982
658.6206896551724,-0.767199941850106,-1.734351820913614
659.3103448275863,-0.7520236609957696,-1.7265823532227154
660.0,-0.7517223086628863,-1.742641961888583
